name,firm,cik,blurb
Warren Buffett,Berkshire Hathaway,1067983,
Bill Ackman,Pershing Square Capital Management,1336528,
Michael Burry,Scion Asset Management,1649339,
Seth Klarman,Baupost Group,1061768,
Stanley Druckenmiller,Duquesne Family Office,1536411,
David Tepper,Appaloosa,1656456,
Li Lu,Himalaya Capital Management,1709323,
Mohnish Pabrai,"Dalal Street, LLC",1549575,
Carl Icahn,Icahn Carl C,921669,
Dan Loeb,Third Point,1040273,
Chase Coleman,Tiger Global Management,1167483,
Ray Dalio,Bridgewater Associates,1350694,
Howard Marks,Oaktree Capital Management,949509,
Bill & Melinda Gates Foundation Trust,Gates Foundation Trust,1166559,
Cathie Wood,ARK Investment Management,1697748,
Terry Smith,Fundsmith,1569205,
Chuck Akre,Akre Capital Management,1112520,
Stephen Mandel,Lone Pine Capital,1061165,
Philippe Laffont,Coatue Management,1135730,
